{
  "model_type": "LSTM with Attention",
  "training_epochs": 14,
  "best_epoch": 4,
  "validation": {
    "f2_score": 0.8942917547568711,
    "precision": 0.8376237623762376,
    "recall": 0.9096774193548387,
    "roc_auc": 0.9904585020714053,
    "accuracy": 0.9553153153153153
  },
  "test": {
    "f2_score": 0.8636948135447922,
    "precision": 0.8520084566596194,
    "recall": 0.8666666666666667,
    "roc_auc": 0.9869132904305122,
    "accuracy": 0.9537815126050421
  }
}