{
  "model_type": "LSTM with Attention",
  "training_epochs": 14,
  "best_epoch": 4,
  "validation": {
    "f2_score": 0.9069468267581475,
    "precision": 0.8961864406779662,
    "recall": 0.9096774193548387,
    "roc_auc": 0.9945650048875855,
    "accuracy": 0.9672072072072072
  },
  "test": {
    "f2_score": 0.875,
    "precision": 0.826,
    "recall": 0.8881720430107527,
    "roc_auc": 0.9897734785013693,
    "accuracy": 0.9513305322128851
  }
}